{"__meta":{"schema_version":3,"schema_name":"GBMModelV3","schema_type":"GBMModel"},"model_id":{"__meta":{"schema_version":3,"schema_name":"ModelKeyV3","schema_type":"Key<Model>"},"name":"gbm","type":"Key<Model>","URL":"/3/Models/gbm"},"algo":"gbm","algo_full_name":"Gradient Boosting Machine","response_column_name":"De","data_frame":{"__meta":{"schema_version":3,"schema_name":"FrameKeyV3","schema_type":"Key<Frame>"},"name":"RTMP_sid_9a68_489","type":"Key<Frame>","URL":"/3/Frames/RTMP_sid_9a68_489"},"timestamp":1552262392574,"have_pojo":true,"have_mojo":true,"algo":"gbm","algo_full_name":"Gradient Boosting Machine","model_id":{"__meta":{"schema_version":3,"schema_name":"ModelKeyV3","schema_type":"Key<Model>"},"name":"gbm","type":"Key<Model>","URL":"/3/Models/gbm"},"parameters":[{"__meta":{"schema_version":3,"schema_name":"ModelParameterSchemaV3","schema_type":"Iced"},"name":"model_id","label":"model_id","help":"Destination id for this model; auto-generated if not specified.","required":false,"type":"Key<Model>","default_value":null,"actual_value":{"__meta":{"schema_version":3,"schema_name":"ModelKeyV3","schema_type":"Key<Model>"},"name":"gbm","type":"Key<Model>","URL":"/3/Models/gbm"},"level":"critical","values":[],"is_member_of_frames":[],"is_mutually_exclusive_with":[],"gridable":false},{"__meta":{"schema_version":3,"schema_name":"ModelParameterSchemaV3","schema_type":"Iced"},"name":"training_frame","label":"training_frame","help":"Id of the training data frame.","required":false,"type":"Key<Frame>","default_value":null,"actual_value":{"__meta":{"schema_version":3,"schema_name":"FrameKeyV3","schema_type":"Key<Frame>"},"name":"RTMP_sid_9a68_489","type":"Key<Frame>","URL":"/3/Frames/RTMP_sid_9a68_489"},"level":"critical","values":[],"is_member_of_frames":[],"is_mutually_exclusive_with":[],"gridable":false},{"__meta":{"schema_version":3,"schema_name":"ModelParameterSchemaV3","schema_type":"Iced"},"name":"validation_frame","label":"validation_frame","help":"Id of the validation data frame.","required":false,"type":"Key<Frame>","default_value":null,"actual_value":{"__meta":{"schema_version":3,"schema_name":"FrameKeyV3","schema_type":"Key<Frame>"},"name":"RTMP_sid_9a68_491","type":"Key<Frame>","URL":"/3/Frames/RTMP_sid_9a68_491"},"level":"critical","values":[],"is_member_of_frames":[],"is_mutually_exclusive_with":[],"gridable":true},{"__meta":{"schema_version":3,"schema_name":"ModelParameterSchemaV3","schema_type":"Iced"},"name":"nfolds","label":"nfolds","help":"Number of folds for K-fold cross-validation (0 to disable or >= 2).","required":false,"type":"int","default_value":0,"actual_value":0,"level":"critical","values":[],"is_member_of_frames":[],"is_mutually_exclusive_with":[],"gridable":false},{"__meta":{"schema_version":3,"schema_name":"ModelParameterSchemaV3","schema_type":"Iced"},"name":"keep_cross_validation_models","label":"keep_cross_validation_models","help":"Whether to keep the cross-validation models.","required":false,"type":"boolean","default_value":true,"actual_value":true,"level":"expert","values":[],"is_member_of_frames":[],"is_mutually_exclusive_with":[],"gridable":false},{"__meta":{"schema_version":3,"schema_name":"ModelParameterSchemaV3","schema_type":"Iced"},"name":"keep_cross_validation_predictions","label":"keep_cross_validation_predictions","help":"Whether to keep the predictions of the cross-validation models.","required":false,"type":"boolean","default_value":false,"actual_value":false,"level":"expert","values":[],"is_member_of_frames":[],"is_mutually_exclusive_with":[],"gridable":false},{"__meta":{"schema_version":3,"schema_name":"ModelParameterSchemaV3","schema_type":"Iced"},"name":"keep_cross_validation_fold_assignment","label":"keep_cross_validation_fold_assignment","help":"Whether to keep the cross-validation fold assignment.","required":false,"type":"boolean","default_value":false,"actual_value":false,"level":"expert","values":[],"is_member_of_frames":[],"is_mutually_exclusive_with":[],"gridable":false},{"__meta":{"schema_version":3,"schema_name":"ModelParameterSchemaV3","schema_type":"Iced"},"name":"score_each_iteration","label":"score_each_iteration","help":"Whether to score during each iteration of model training.","required":false,"type":"boolean","default_value":false,"actual_value":false,"level":"secondary","values":[],"is_member_of_frames":[],"is_mutually_exclusive_with":[],"gridable":false},{"__meta":{"schema_version":3,"schema_name":"ModelParameterSchemaV3","schema_type":"Iced"},"name":"score_tree_interval","label":"score_tree_interval","help":"Score the model after every so many trees. Disabled if set to 0.","required":false,"type":"int","default_value":0,"actual_value":0,"level":"secondary","values":[],"is_member_of_frames":[],"is_mutually_exclusive_with":[],"gridable":false},{"__meta":{"schema_version":3,"schema_name":"ModelParameterSchemaV3","schema_type":"Iced"},"name":"fold_assignment","label":"fold_assignment","help":"Cross-validation fold assignment scheme, if fold_column is not specified. The 'Stratified' option will stratify the folds based on the response variable, for classification problems.","required":false,"type":"enum","default_value":"AUTO","actual_value":"AUTO","level":"secondary","values":["AUTO","Random","Modulo","Stratified"],"is_member_of_frames":[],"is_mutually_exclusive_with":[],"gridable":true},{"__meta":{"schema_version":3,"schema_name":"ModelParameterSchemaV3","schema_type":"Iced"},"name":"fold_column","label":"fold_column","help":"Column with cross-validation fold index assignment per observation.","required":false,"type":"VecSpecifier","default_value":null,"actual_value":null,"level":"secondary","values":[],"is_member_of_frames":["training_frame"],"is_mutually_exclusive_with":["response_column","weights_column","ignored_columns","offset_column"],"gridable":true},{"__meta":{"schema_version":3,"schema_name":"ModelParameterSchemaV3","schema_type":"Iced"},"name":"response_column","label":"response_column","help":"Response variable column.","required":false,"type":"VecSpecifier","default_value":null,"actual_value":{"__meta":{"schema_version":3,"schema_name":"ColSpecifierV3","schema_type":"VecSpecifier"},"column_name":"De","is_member_of_frames":null},"level":"critical","values":[],"is_member_of_frames":["training_frame","validation_frame"],"is_mutually_exclusive_with":["weights_column","ignored_columns","offset_column","fold_column"],"gridable":true},{"__meta":{"schema_version":3,"schema_name":"ModelParameterSchemaV3","schema_type":"Iced"},"name":"ignored_columns","label":"ignored_columns","help":"Names of columns to ignore for training.","required":false,"type":"string[]","default_value":null,"actual_value":[""],"level":"critical","values":[],"is_member_of_frames":["training_frame","validation_frame"],"is_mutually_exclusive_with":["response_column","weights_column","offset_column","fold_column"],"gridable":false},{"__meta":{"schema_version":3,"schema_name":"ModelParameterSchemaV3","schema_type":"Iced"},"name":"ignore_const_cols","label":"ignore_const_cols","help":"Ignore constant columns.","required":false,"type":"boolean","default_value":true,"actual_value":true,"level":"critical","values":[],"is_member_of_frames":[],"is_mutually_exclusive_with":[],"gridable":false},{"__meta":{"schema_version":3,"schema_name":"ModelParameterSchemaV3","schema_type":"Iced"},"name":"offset_column","label":"offset_column","help":"Offset column. This will be added to the combination of columns before applying the link function.","required":false,"type":"VecSpecifier","default_value":null,"actual_value":null,"level":"secondary","values":[],"is_member_of_frames":["training_frame","validation_frame"],"is_mutually_exclusive_with":["response_column","weights_column","ignored_columns","fold_column"],"gridable":true},{"__meta":{"schema_version":3,"schema_name":"ModelParameterSchemaV3","schema_type":"Iced"},"name":"weights_column","label":"weights_column","help":"Column with observation weights. Giving some observation a weight of zero is equivalent to excluding it from the dataset; giving an observation a relative weight of 2 is equivalent to repeating that row twice. Negative weights are not allowed. Note: Weights are per-row observation weights and do not increase the size of the data frame. This is typically the number of times a row is repeated, but non-integer values are supported as well. During training, rows with higher weights matter more, due to the larger loss function pre-factor.","required":false,"type":"VecSpecifier","default_value":null,"actual_value":null,"level":"secondary","values":[],"is_member_of_frames":["training_frame","validation_frame"],"is_mutually_exclusive_with":["response_column","ignored_columns","offset_column","fold_column"],"gridable":true},{"__meta":{"schema_version":3,"schema_name":"ModelParameterSchemaV3","schema_type":"Iced"},"name":"balance_classes","label":"balance_classes","help":"Balance training data class counts via over/under-sampling (for imbalanced data).","required":false,"type":"boolean","default_value":false,"actual_value":false,"level":"secondary","values":[],"is_member_of_frames":[],"is_mutually_exclusive_with":[],"gridable":true},{"__meta":{"schema_version":3,"schema_name":"ModelParameterSchemaV3","schema_type":"Iced"},"name":"class_sampling_factors","label":"class_sampling_factors","help":"Desired over/under-sampling ratios per class (in lexicographic order). If not specified, sampling factors will be automatically computed to obtain class balance during training. Requires balance_classes.","required":false,"type":"float[]","default_value":null,"actual_value":null,"level":"expert","values":[],"is_member_of_frames":[],"is_mutually_exclusive_with":[],"gridable":true},{"__meta":{"schema_version":3,"schema_name":"ModelParameterSchemaV3","schema_type":"Iced"},"name":"max_after_balance_size","label":"max_after_balance_size","help":"Maximum relative size of the training data after balancing class counts (can be less than 1.0). Requires balance_classes.","required":false,"type":"float","default_value":5.0,"actual_value":5.0,"level":"expert","values":[],"is_member_of_frames":[],"is_mutually_exclusive_with":[],"gridable":true},{"__meta":{"schema_version":3,"schema_name":"ModelParameterSchemaV3","schema_type":"Iced"},"name":"max_confusion_matrix_size","label":"max_confusion_matrix_size","help":"[Deprecated] Maximum size (# classes) for confusion matrices to be printed in the Logs","required":false,"type":"int","default_value":20,"actual_value":20,"level":"secondary","values":[],"is_member_of_frames":[],"is_mutually_exclusive_with":[],"gridable":false},{"__meta":{"schema_version":3,"schema_name":"ModelParameterSchemaV3","schema_type":"Iced"},"name":"max_hit_ratio_k","label":"max_hit_ratio_k","help":"Max. number (top K) of predictions to use for hit ratio computation (for multi-class only, 0 to disable)","required":false,"type":"int","default_value":0,"actual_value":0,"level":"secondary","values":[],"is_member_of_frames":[],"is_mutually_exclusive_with":[],"gridable":false},{"__meta":{"schema_version":3,"schema_name":"ModelParameterSchemaV3","schema_type":"Iced"},"name":"ntrees","label":"ntrees","help":"Number of trees.","required":false,"type":"int","default_value":50,"actual_value":50,"level":"critical","values":[],"is_member_of_frames":[],"is_mutually_exclusive_with":[],"gridable":true},{"__meta":{"schema_version":3,"schema_name":"ModelParameterSchemaV3","schema_type":"Iced"},"name":"max_depth","label":"max_depth","help":"Maximum tree depth.","required":false,"type":"int","default_value":5,"actual_value":5,"level":"critical","values":[],"is_member_of_frames":[],"is_mutually_exclusive_with":[],"gridable":true},{"__meta":{"schema_version":3,"schema_name":"ModelParameterSchemaV3","schema_type":"Iced"},"name":"min_rows","label":"min_rows","help":"Fewest allowed (weighted) observations in a leaf.","required":false,"type":"double","default_value":10.0,"actual_value":10.0,"level":"critical","values":[],"is_member_of_frames":[],"is_mutually_exclusive_with":[],"gridable":true},{"__meta":{"schema_version":3,"schema_name":"ModelParameterSchemaV3","schema_type":"Iced"},"name":"nbins","label":"nbins","help":"For numerical columns (real/int), build a histogram of (at least) this many bins, then split at the best point","required":false,"type":"int","default_value":20,"actual_value":20,"level":"critical","values":[],"is_member_of_frames":[],"is_mutually_exclusive_with":[],"gridable":true},{"__meta":{"schema_version":3,"schema_name":"ModelParameterSchemaV3","schema_type":"Iced"},"name":"nbins_top_level","label":"nbins_top_level","help":"For numerical columns (real/int), build a histogram of (at most) this many bins at the root level, then decrease by factor of two per level","required":false,"type":"int","default_value":1024,"actual_value":1024,"level":"secondary","values":[],"is_member_of_frames":[],"is_mutually_exclusive_with":[],"gridable":true},{"__meta":{"schema_version":3,"schema_name":"ModelParameterSchemaV3","schema_type":"Iced"},"name":"nbins_cats","label":"nbins_cats","help":"For categorical columns (factors), build a histogram of this many bins, then split at the best point. Higher values can lead to more overfitting.","required":false,"type":"int","default_value":1024,"actual_value":1024,"level":"secondary","values":[],"is_member_of_frames":[],"is_mutually_exclusive_with":[],"gridable":true},{"__meta":{"schema_version":3,"schema_name":"ModelParameterSchemaV3","schema_type":"Iced"},"name":"r2_stopping","label":"r2_stopping","help":"r2_stopping is no longer supported and will be ignored if set - please use stopping_rounds, stopping_metric and stopping_tolerance instead. Previous version of H2O would stop making trees when the R^2 metric equals or exceeds this","required":false,"type":"double","default_value":1.7976931348623157E308,"actual_value":1.7976931348623157E308,"level":"secondary","values":[],"is_member_of_frames":[],"is_mutually_exclusive_with":[],"gridable":true},{"__meta":{"schema_version":3,"schema_name":"ModelParameterSchemaV3","schema_type":"Iced"},"name":"stopping_rounds","label":"stopping_rounds","help":"Early stopping based on convergence of stopping_metric. Stop if simple moving average of length k of the stopping_metric does not improve for k:=stopping_rounds scoring events (0 to disable)","required":false,"type":"int","default_value":0,"actual_value":0,"level":"secondary","values":[],"is_member_of_frames":[],"is_mutually_exclusive_with":[],"gridable":true},{"__meta":{"schema_version":3,"schema_name":"ModelParameterSchemaV3","schema_type":"Iced"},"name":"stopping_metric","label":"stopping_metric","help":"Metric to use for early stopping (AUTO: logloss for classification, deviance for regression). Note that custom and custom_increasing can only be used in GBM and DRF with the Python client.","required":false,"type":"enum","default_value":"AUTO","actual_value":"AUTO","level":"secondary","values":["AUTO","deviance","logloss","MSE","RMSE","MAE","RMSLE","AUC","lift_top_group","misclassification","mean_per_class_error","custom","custom_increasing"],"is_member_of_frames":[],"is_mutually_exclusive_with":[],"gridable":true},{"__meta":{"schema_version":3,"schema_name":"ModelParameterSchemaV3","schema_type":"Iced"},"name":"stopping_tolerance","label":"stopping_tolerance","help":"Relative tolerance for metric-based stopping criterion (stop if relative improvement is not at least this much)","required":false,"type":"double","default_value":0.001,"actual_value":0.001,"level":"secondary","values":[],"is_member_of_frames":[],"is_mutually_exclusive_with":[],"gridable":true},{"__meta":{"schema_version":3,"schema_name":"ModelParameterSchemaV3","schema_type":"Iced"},"name":"max_runtime_secs","label":"max_runtime_secs","help":"Maximum allowed runtime in seconds for model training. Use 0 to disable.","required":false,"type":"double","default_value":0.0,"actual_value":0.0,"level":"secondary","values":[],"is_member_of_frames":[],"is_mutually_exclusive_with":[],"gridable":true},{"__meta":{"schema_version":3,"schema_name":"ModelParameterSchemaV3","schema_type":"Iced"},"name":"seed","label":"seed","help":"Seed for pseudo random number generator (if applicable)","required":false,"type":"long","default_value":-1,"actual_value":-2689715392794577087,"level":"critical","values":[],"is_member_of_frames":[],"is_mutually_exclusive_with":[],"gridable":true},{"__meta":{"schema_version":3,"schema_name":"ModelParameterSchemaV3","schema_type":"Iced"},"name":"build_tree_one_node","label":"build_tree_one_node","help":"Run on one node only; no network overhead but fewer cpus used.  Suitable for small datasets.","required":false,"type":"boolean","default_value":false,"actual_value":false,"level":"expert","values":[],"is_member_of_frames":[],"is_mutually_exclusive_with":[],"gridable":false},{"__meta":{"schema_version":3,"schema_name":"ModelParameterSchemaV3","schema_type":"Iced"},"name":"learn_rate","label":"learn_rate","help":"Learning rate (from 0.0 to 1.0)","required":false,"type":"double","default_value":0.1,"actual_value":0.1,"level":"critical","values":[],"is_member_of_frames":[],"is_mutually_exclusive_with":[],"gridable":true},{"__meta":{"schema_version":3,"schema_name":"ModelParameterSchemaV3","schema_type":"Iced"},"name":"learn_rate_annealing","label":"learn_rate_annealing","help":"Scale the learning rate by this factor after each tree (e.g., 0.99 or 0.999) ","required":false,"type":"double","default_value":1.0,"actual_value":1.0,"level":"secondary","values":[],"is_member_of_frames":[],"is_mutually_exclusive_with":[],"gridable":true},{"__meta":{"schema_version":3,"schema_name":"ModelParameterSchemaV3","schema_type":"Iced"},"name":"distribution","label":"distribution","help":"Distribution function","required":false,"type":"enum","default_value":"AUTO","actual_value":"multinomial","level":"secondary","values":["AUTO","bernoulli","quasibinomial","ordinal","multinomial","gaussian","poisson","gamma","tweedie","laplace","quantile","huber"],"is_member_of_frames":[],"is_mutually_exclusive_with":[],"gridable":true},{"__meta":{"schema_version":3,"schema_name":"ModelParameterSchemaV3","schema_type":"Iced"},"name":"quantile_alpha","label":"quantile_alpha","help":"Desired quantile for Quantile regression, must be between 0 and 1.","required":false,"type":"double","default_value":0.5,"actual_value":0.5,"level":"secondary","values":[],"is_member_of_frames":[],"is_mutually_exclusive_with":[],"gridable":true},{"__meta":{"schema_version":3,"schema_name":"ModelParameterSchemaV3","schema_type":"Iced"},"name":"tweedie_power","label":"tweedie_power","help":"Tweedie power for Tweedie regression, must be between 1 and 2.","required":false,"type":"double","default_value":1.5,"actual_value":1.5,"level":"secondary","values":[],"is_member_of_frames":[],"is_mutually_exclusive_with":[],"gridable":true},{"__meta":{"schema_version":3,"schema_name":"ModelParameterSchemaV3","schema_type":"Iced"},"name":"huber_alpha","label":"huber_alpha","help":"Desired quantile for Huber/M-regression (threshold between quadratic and linear loss, must be between 0 and 1).","required":false,"type":"double","default_value":0.9,"actual_value":0.9,"level":"secondary","values":[],"is_member_of_frames":[],"is_mutually_exclusive_with":[],"gridable":true},{"__meta":{"schema_version":3,"schema_name":"ModelParameterSchemaV3","schema_type":"Iced"},"name":"checkpoint","label":"checkpoint","help":"Model checkpoint to resume training with.","required":false,"type":"Key<Model>","default_value":null,"actual_value":null,"level":"secondary","values":[],"is_member_of_frames":[],"is_mutually_exclusive_with":[],"gridable":false},{"__meta":{"schema_version":3,"schema_name":"ModelParameterSchemaV3","schema_type":"Iced"},"name":"sample_rate","label":"sample_rate","help":"Row sample rate per tree (from 0.0 to 1.0)","required":false,"type":"double","default_value":1.0,"actual_value":1.0,"level":"critical","values":[],"is_member_of_frames":[],"is_mutually_exclusive_with":[],"gridable":true},{"__meta":{"schema_version":3,"schema_name":"ModelParameterSchemaV3","schema_type":"Iced"},"name":"sample_rate_per_class","label":"sample_rate_per_class","help":"A list of row sample rates per class (relative fraction for each class, from 0.0 to 1.0), for each tree","required":false,"type":"double[]","default_value":null,"actual_value":null,"level":"expert","values":[],"is_member_of_frames":[],"is_mutually_exclusive_with":[],"gridable":true},{"__meta":{"schema_version":3,"schema_name":"ModelParameterSchemaV3","schema_type":"Iced"},"name":"col_sample_rate","label":"col_sample_rate","help":"Column sample rate (from 0.0 to 1.0)","required":false,"type":"double","default_value":1.0,"actual_value":1.0,"level":"critical","values":[],"is_member_of_frames":[],"is_mutually_exclusive_with":[],"gridable":true},{"__meta":{"schema_version":3,"schema_name":"ModelParameterSchemaV3","schema_type":"Iced"},"name":"col_sample_rate_change_per_level","label":"col_sample_rate_change_per_level","help":"Relative change of the column sampling rate for every level (must be > 0.0 and <= 2.0)","required":false,"type":"double","default_value":1.0,"actual_value":1.0,"level":"expert","values":[],"is_member_of_frames":[],"is_mutually_exclusive_with":[],"gridable":true},{"__meta":{"schema_version":3,"schema_name":"ModelParameterSchemaV3","schema_type":"Iced"},"name":"col_sample_rate_per_tree","label":"col_sample_rate_per_tree","help":"Column sample rate per tree (from 0.0 to 1.0)","required":false,"type":"double","default_value":1.0,"actual_value":1.0,"level":"secondary","values":[],"is_member_of_frames":[],"is_mutually_exclusive_with":[],"gridable":true},{"__meta":{"schema_version":3,"schema_name":"ModelParameterSchemaV3","schema_type":"Iced"},"name":"min_split_improvement","label":"min_split_improvement","help":"Minimum relative improvement in squared error reduction for a split to happen","required":false,"type":"double","default_value":1.0E-5,"actual_value":1.0E-5,"level":"secondary","values":[],"is_member_of_frames":[],"is_mutually_exclusive_with":[],"gridable":true},{"__meta":{"schema_version":3,"schema_name":"ModelParameterSchemaV3","schema_type":"Iced"},"name":"histogram_type","label":"histogram_type","help":"What type of histogram to use for finding optimal split points","required":false,"type":"enum","default_value":"AUTO","actual_value":"AUTO","level":"secondary","values":["AUTO","UniformAdaptive","Random","QuantilesGlobal","RoundRobin"],"is_member_of_frames":[],"is_mutually_exclusive_with":[],"gridable":true},{"__meta":{"schema_version":3,"schema_name":"ModelParameterSchemaV3","schema_type":"Iced"},"name":"max_abs_leafnode_pred","label":"max_abs_leafnode_pred","help":"Maximum absolute value of a leaf node prediction","required":false,"type":"double","default_value":1.7976931348623157E308,"actual_value":1.7976931348623157E308,"level":"expert","values":[],"is_member_of_frames":[],"is_mutually_exclusive_with":[],"gridable":true},{"__meta":{"schema_version":3,"schema_name":"ModelParameterSchemaV3","schema_type":"Iced"},"name":"pred_noise_bandwidth","label":"pred_noise_bandwidth","help":"Bandwidth (sigma) of Gaussian multiplicative noise ~N(1,sigma) for tree node predictions","required":false,"type":"double","default_value":0.0,"actual_value":0.0,"level":"expert","values":[],"is_member_of_frames":[],"is_mutually_exclusive_with":[],"gridable":true},{"__meta":{"schema_version":3,"schema_name":"ModelParameterSchemaV3","schema_type":"Iced"},"name":"categorical_encoding","label":"categorical_encoding","help":"Encoding scheme for categorical features","required":false,"type":"enum","default_value":"AUTO","actual_value":"AUTO","level":"secondary","values":["AUTO","Enum","OneHotInternal","OneHotExplicit","Binary","Eigen","LabelEncoder","SortByResponse","EnumLimited"],"is_member_of_frames":[],"is_mutually_exclusive_with":[],"gridable":true},{"__meta":{"schema_version":3,"schema_name":"ModelParameterSchemaV3","schema_type":"Iced"},"name":"calibrate_model","label":"calibrate_model","help":"Use Platt Scaling to calculate calibrated class probabilities. Calibration can provide more accurate estimates of class probabilities.","required":false,"type":"boolean","default_value":false,"actual_value":false,"level":"expert","values":[],"is_member_of_frames":[],"is_mutually_exclusive_with":[],"gridable":false},{"__meta":{"schema_version":3,"schema_name":"ModelParameterSchemaV3","schema_type":"Iced"},"name":"calibration_frame","label":"calibration_frame","help":"Calibration frame for Platt Scaling","required":false,"type":"Key<Frame>","default_value":null,"actual_value":null,"level":"expert","values":[],"is_member_of_frames":[],"is_mutually_exclusive_with":[],"gridable":false},{"__meta":{"schema_version":3,"schema_name":"ModelParameterSchemaV3","schema_type":"Iced"},"name":"custom_metric_func","label":"custom_metric_func","help":"Reference to custom evaluation function, format: `language:keyName=funcName`","required":false,"type":"string","default_value":null,"actual_value":null,"level":"secondary","values":[],"is_member_of_frames":[],"is_mutually_exclusive_with":[],"gridable":false},{"__meta":{"schema_version":3,"schema_name":"ModelParameterSchemaV3","schema_type":"Iced"},"name":"export_checkpoints_dir","label":"export_checkpoints_dir","help":"Automatically export generated models to this directory.","required":false,"type":"string","default_value":null,"actual_value":null,"level":"secondary","values":[],"is_member_of_frames":[],"is_mutually_exclusive_with":[],"gridable":false},{"__meta":{"schema_version":3,"schema_name":"ModelParameterSchemaV3","schema_type":"Iced"},"name":"monotone_constraints","label":"monotone_constraints","help":"A mapping representing monotonic constraints. Use +1 to enforce an increasing constraint and -1 to specify a decreasing constraint.","required":false,"type":"KeyValue[]","default_value":null,"actual_value":null,"level":"secondary","values":[],"is_member_of_frames":[],"is_mutually_exclusive_with":[],"gridable":false}],"output":{"__meta":{"schema_version":3,"schema_name":"GBMModelOutputV3","schema_type":"GBMOutput"},"names":["C1","C2","C3","C4","C5","C6","C7","C8","C9","C10","C11","C12","C13","C14","C15","C16","C17","C18","C19","C20","C21","C22","C23","C24","C25","C26","C27","C28","C29","C30","C31","C32","C33","C34","C35","C36","C37","C38","C39","C40","C41","C42","C43","C44","C45","C46","C47","C48","C49","C50","C51","C52","C53","C54","C55","C56","C57","C58","C59","C60","C61","C62","C63","C64","C65","C66","C67","C68","C69","C70","C71","C72","C73","C74","C75","C76","C77","C78","C79","C80","C81","C82","C83","C84","C85","C86","C87","C88","C89","C90","C91","C92","C93","C94","C95","C96","C97","C98","C99","C100","De"],"domains":[null,null,null,null,null,null,null,null,null,null,null,null,null,null,null,null,null,null,null,null,null,null,null,null,null,null,null,null,null,null,null,null,null,null,null,null,null,null,null,null,null,null,null,null,null,null,null,null,null,null,null,null,null,null,null,null,null,null,null,null,null,null,null,null,null,null,null,null,null,null,null,null,null,null,null,null,null,null,null,null,null,null,null,null,null,null,null,null,null,null,null,null,null,null,null,null,null,null,null,null,["Alberto MartÃ­nez Barbosa","Alberto MartÃ­nez Barbosa (via LinkedIn)","Alfonso Hernandez on Facebook","CafebrerÃ­a El PÃ©ndulo","De","Facebook","Fixya Team","Fixya.com","Guillermo Mora","Guillermo Mora (via LinkedIn)","Instagram","Isa Ramos on Facebook","Juan Miguel on Facebook","Lidia Lili Villamil on Facebook","LinkedIn","LinkedIn Updates","Marsella GuzmÃ¡n on Facebook","Mercado Libre","Microsoft OneDrive","Microsoft account team","Miguel Yibrail on Facebook","PayPal","Pioneer DJ","Twitter","donotreply=upwork.com@mg.upwork.com","gandhi.com.mx","handler-120-206900336@sndr3-601.adport02.com","handler-120-209358443@sndr3-601.adport02.com","support apple"]],"cross_validation_models":null,"cross_validation_predictions":null,"cross_validation_holdout_predictions_frame_id":null,"cross_validation_fold_assignment_frame_id":null,"model_category":"Multinomial","model_summary":{"__meta":{"schema_version":3,"schema_name":"TwoDimTableV3","schema_type":"TwoDimTable"},"name":"Model Summary","description":"","columns":[{"__meta":{"schema_version":-1,"schema_name":"ColumnSpecsBase","schema_type":"Iced"},"name":"","type":"string","format":"%s","description":""},{"__meta":{"schema_version":-1,"schema_name":"ColumnSpecsBase","schema_type":"Iced"},"name":"number_of_trees","type":"long","format":"%d","description":"Number of Trees"},{"__meta":{"schema_version":-1,"schema_name":"ColumnSpecsBase","schema_type":"Iced"},"name":"number_of_internal_trees","type":"long","format":"%d","description":"Number of Internal Trees"},{"__meta":{"schema_version":-1,"schema_name":"ColumnSpecsBase","schema_type":"Iced"},"name":"model_size_in_bytes","type":"long","format":"%d","description":"Model Size in Bytes"},{"__meta":{"schema_version":-1,"schema_name":"ColumnSpecsBase","schema_type":"Iced"},"name":"min_depth","type":"long","format":"%d","description":"Min. Depth"},{"__meta":{"schema_version":-1,"schema_name":"ColumnSpecsBase","schema_type":"Iced"},"name":"max_depth","type":"long","format":"%d","description":"Max. Depth"},{"__meta":{"schema_version":-1,"schema_name":"ColumnSpecsBase","schema_type":"Iced"},"name":"mean_depth","type":"double","format":"%.5f","description":"Mean Depth"},{"__meta":{"schema_version":-1,"schema_name":"ColumnSpecsBase","schema_type":"Iced"},"name":"min_leaves","type":"long","format":"%d","description":"Min. Leaves"},{"__meta":{"schema_version":-1,"schema_name":"ColumnSpecsBase","schema_type":"Iced"},"name":"max_leaves","type":"long","format":"%d","description":"Max. Leaves"},{"__meta":{"schema_version":-1,"schema_name":"ColumnSpecsBase","schema_type":"Iced"},"name":"mean_leaves","type":"double","format":"%.5f","description":"Mean Leaves"}],"rowcount":1,"data":[[""],[50],[1150],[188716],[1],[5],[4.921739],[2],[13],[8.377391]]},"scoring_history":{"__meta":{"schema_version":3,"schema_name":"TwoDimTableV3","schema_type":"TwoDimTable"},"name":"Scoring History","description":"","columns":[{"__meta":{"schema_version":-1,"schema_name":"ColumnSpecsBase","schema_type":"Iced"},"name":"","type":"string","format":"%s","description":""},{"__meta":{"schema_version":-1,"schema_name":"ColumnSpecsBase","schema_type":"Iced"},"name":"timestamp","type":"string","format":"%s","description":"Timestamp"},{"__meta":{"schema_version":-1,"schema_name":"ColumnSpecsBase","schema_type":"Iced"},"name":"duration","type":"string","format":"%s","description":"Duration"},{"__meta":{"schema_version":-1,"schema_name":"ColumnSpecsBase","schema_type":"Iced"},"name":"number_of_trees","type":"long","format":"%d","description":"Number of Trees"},{"__meta":{"schema_version":-1,"schema_name":"ColumnSpecsBase","schema_type":"Iced"},"name":"training_rmse","type":"double","format":"%.5f","description":"Training RMSE"},{"__meta":{"schema_version":-1,"schema_name":"ColumnSpecsBase","schema_type":"Iced"},"name":"training_logloss","type":"double","format":"%.5f","description":"Training LogLoss"},{"__meta":{"schema_version":-1,"schema_name":"ColumnSpecsBase","schema_type":"Iced"},"name":"training_classification_error","type":"double","format":"%.5f","description":"Training Classification Error"},{"__meta":{"schema_version":-1,"schema_name":"ColumnSpecsBase","schema_type":"Iced"},"name":"validation_rmse","type":"double","format":"%.5f","description":"Validation RMSE"},{"__meta":{"schema_version":-1,"schema_name":"ColumnSpecsBase","schema_type":"Iced"},"name":"validation_logloss","type":"double","format":"%.5f","description":"Validation LogLoss"},{"__meta":{"schema_version":-1,"schema_name":"ColumnSpecsBase","schema_type":"Iced"},"name":"validation_classification_error","type":"double","format":"%.5f","description":"Validation Classification Error"}],"rowcount":31,"data":[["","","","","","","","","","","","","","","","","","","","","","","","","","","","","","",""],["2019-03-10 17:59:46","2019-03-10 17:59:46","2019-03-10 17:59:46","2019-03-10 17:59:46","2019-03-10 17:59:46","2019-03-10 17:59:46","2019-03-10 17:59:46","2019-03-10 17:59:47","2019-03-10 17:59:47","2019-03-10 17:59:47","2019-03-10 17:59:47","2019-03-10 17:59:47","2019-03-10 17:59:47","2019-03-10 17:59:47","2019-03-10 17:59:48","2019-03-10 17:59:48","2019-03-10 17:59:48","2019-03-10 17:59:48","2019-03-10 17:59:48","2019-03-10 17:59:48","2019-03-10 17:59:48","2019-03-10 17:59:48","2019-03-10 17:59:49","2019-03-10 17:59:49","2019-03-10 17:59:49","2019-03-10 17:59:49","2019-03-10 17:59:49","2019-03-10 17:59:49","2019-03-10 17:59:49","2019-03-10 17:59:49","2019-03-10 17:59:52"],[" 0.010 sec"," 0.130 sec"," 0.300 sec"," 0.430 sec"," 0.570 sec"," 0.700 sec"," 0.850 sec"," 1.000 sec"," 1.150 sec"," 1.290 sec"," 1.430 sec"," 1.570 sec"," 1.710 sec"," 1.850 sec"," 1.970 sec"," 2.100 sec"," 2.220 sec"," 2.360 sec"," 2.510 sec"," 2.640 sec"," 2.770 sec"," 2.900 sec"," 3.020 sec"," 3.150 sec"," 3.280 sec"," 3.400 sec"," 3.520 sec"," 3.670 sec"," 3.810 sec"," 3.950 sec"," 6.511 sec"],[0,1,2,3,4,5,6,7,8,9,10,11,12,13,14,15,16,17,18,19,20,21,22,23,24,25,26,27,28,29,50],[0.9655172413793093,0.6833727180103619,0.6155180294329153,0.5554986625441453,0.49969021600889546,0.45247001871599724,0.4090355338896674,0.3726482313404908,0.33857187906344416,0.3099163026562792,0.283792199396911,0.26051799865456154,0.2396861850288809,0.2171947199006777,0.20092715314554274,0.18566672418228614,0.1691816159937424,0.15587810284405287,0.145177522740064,0.13465027476150312,0.12468666317186874,0.1164878375086583,0.10966422002602792,0.10291339853556514,0.0974273353658033,0.09292572371045062,0.08711092284371724,0.08303016706716239,0.07937844110879967,0.07613718661032097,0.05270102557221443],[3.367295829986468,1.2560795996928715,1.0308872231686392,0.8649850667024094,0.7291839452465466,0.6256772987599476,0.5368804361201334,0.46701618006827245,0.4045193523026337,0.35395836989928514,0.3103854831841181,0.27311461322822117,0.2406202146425972,0.20894355855835842,0.1857973761499793,0.16522249831256244,0.14505799210839734,0.12887196435172774,0.11582339247302582,0.10366599470879556,0.0929238795002921,0.08382163927446537,0.07609667354188587,0.0689570011706349,0.0630515186934467,0.05792193599486726,0.05239853315606848,0.048139819046610154,0.04422245164060744,0.04081200678180492,0.012884125375959293],[0.7844827586206896,0.034482758620689655,0.03017241379310345,0.03017241379310345,0.03017241379310345,0.03017241379310345,0.03017241379310345,0.021551724137931036,0.021551724137931036,0.017241379310344827,0.01293103448275862,0.01293103448275862,0.01293103448275862,0.008620689655172414,0.008620689655172414,0.004310344827586207,0.004310344827586207,0.004310344827586207,0.004310344827586207,0.004310344827586207,0.004310344827586207,0.004310344827586207,0.004310344827586207,0.004310344827586207,0.004310344827586207,0.004310344827586207,0.004310344827586207,0.004310344827586207,0.004310344827586207,0.004310344827586207,0.004310344827586207],[0.965517241379311,0.7039503612718647,0.6483242033734906,0.5991946731457685,0.5555786959417981,0.519124307787955,0.4886933276335958,0.4642631565412151,0.44365705825864843,0.42802932544118283,0.4149954540410292,0.4038077339258714,0.39568355467070304,0.38855261773769434,0.38300582881335904,0.37863551703207005,0.3748543558570806,0.37199578104004,0.3695035094001219,0.36753308191172834,0.36594564804272756,0.3647864691654118,0.3634924741155181,0.36273519037864466,0.362036704024269,0.361386550340262,0.3606488649099966,0.3603720376072995,0.36012590961221336,0.35993533402523165,0.35874982508239744],[3.3672958299864795,1.4468422490586574,1.2709196134758016,1.1394731057950367,1.027972887777509,0.945752623478827,0.8804923785903251,0.8282085450753138,0.7809391530677395,0.7455643509785079,0.7165054843637354,0.6915565040403016,0.6724483980406173,0.6507869405290816,0.6362662732543599,0.6255372364202946,0.6167712362221077,0.6082501063909794,0.6019116176037383,0.5978710548133619,0.5919660483053296,0.5905068817043531,0.584815567606378,0.5839185043111735,0.5847432733097973,0.5840728970192662,0.5831966726138836,0.5879918320478692,0.5926746394166315,0.5948136089553929,0.726836444614189],[0.8070175438596491,0.14035087719298245,0.14035087719298245,0.14035087719298245,0.14035087719298245,0.14035087719298245,0.14035087719298245,0.14035087719298245,0.14035087719298245,0.14035087719298245,0.14035087719298245,0.14035087719298245,0.14035087719298245,0.14035087719298245,0.14035087719298245,0.14035087719298245,0.14035087719298245,0.14035087719298245,0.14035087719298245,0.14035087719298245,0.14035087719298245,0.14035087719298245,0.14035087719298245,0.14035087719298245,0.14035087719298245,0.14035087719298245,0.14035087719298245,0.14035087719298245,0.14035087719298245,0.14035087719298245,0.14035087719298245]]},"training_metrics":{"__meta":{"schema_version":3,"schema_name":"ModelMetricsMultinomialV3","schema_type":"ModelMetricsMultinomial"},"model":{"__meta":{"schema_version":3,"schema_name":"ModelKeyV3","schema_type":"Key<Model>"},"name":"gbm","type":"Key<Model>","URL":"/3/Models/gbm"},"model_checksum":4806343159223494920,"frame":{"__meta":{"schema_version":3,"schema_name":"FrameKeyV3","schema_type":"Key<Frame>"},"name":"RTMP_sid_9a68_489","type":"Key<Frame>","URL":"/3/Frames/RTMP_sid_9a68_489"},"frame_checksum":1421976512528089870,"description":null,"model_category":"Multinomial","scoring_time":1552262392544,"predictions":null,"MSE":0.002777398096363199,"RMSE":0.05270102557221443,"nobs":232,"custom_metric_name":null,"custom_metric_value":0.0,"r2":0.9999410808243607,"hit_ratio_table":{"__meta":{"schema_version":3,"schema_name":"TwoDimTableV3","schema_type":"TwoDimTable"},"name":"Top-10 Hit Ratios","description":"","columns":[{"__meta":{"schema_version":-1,"schema_name":"ColumnSpecsBase","schema_type":"Iced"},"name":"k","type":"string","format":"%s","description":"K"},{"__meta":{"schema_version":-1,"schema_name":"ColumnSpecsBase","schema_type":"Iced"},"name":"hit_ratio","type":"float","format":"%f","description":"Hit Ratio"}],"rowcount":10,"data":[["1","2","3","4","5","6","7","8","9","10"],[0.99568963,1.0,1.0,1.0,1.0,1.0,1.0,1.0,1.0,1.0]]},"cm":{"__meta":{"schema_version":3,"schema_name":"ConfusionMatrixV3","schema_type":"ConfusionMatrix"},"table":{"__meta":{"schema_version":3,"schema_name":"TwoDimTableV3","schema_type":"TwoDimTable"},"name":"Confusion Matrix","description":"Row labels: Actual class; Column labels: Predicted class","columns":[{"__meta":{"schema_version":-1,"schema_name":"ColumnSpecsBase","schema_type":"Iced"},"name":"Alberto MartÃ­nez Barbosa","type":"long","format":"%d","description":"Alberto MartÃ­nez Barbosa"},{"__meta":{"schema_version":-1,"schema_name":"ColumnSpecsBase","schema_type":"Iced"},"name":"Alberto MartÃ­nez Barbosa (via LinkedIn)","type":"long","format":"%d","description":"Alberto MartÃ­nez Barbosa (via LinkedIn)"},{"__meta":{"schema_version":-1,"schema_name":"ColumnSpecsBase","schema_type":"Iced"},"name":"Alfonso Hernandez on Facebook","type":"long","format":"%d","description":"Alfonso Hernandez on Facebook"},{"__meta":{"schema_version":-1,"schema_name":"ColumnSpecsBase","schema_type":"Iced"},"name":"CafebrerÃ­a El PÃ©ndulo","type":"long","format":"%d","description":"CafebrerÃ­a El PÃ©ndulo"},{"__meta":{"schema_version":-1,"schema_name":"ColumnSpecsBase","schema_type":"Iced"},"name":"De","type":"long","format":"%d","description":"De"},{"__meta":{"schema_version":-1,"schema_name":"ColumnSpecsBase","schema_type":"Iced"},"name":"Facebook","type":"long","format":"%d","description":"Facebook"},{"__meta":{"schema_version":-1,"schema_name":"ColumnSpecsBase","schema_type":"Iced"},"name":"Fixya Team","type":"long","format":"%d","description":"Fixya Team"},{"__meta":{"schema_version":-1,"schema_name":"ColumnSpecsBase","schema_type":"Iced"},"name":"Fixya.com","type":"long","format":"%d","description":"Fixya.com"},{"__meta":{"schema_version":-1,"schema_name":"ColumnSpecsBase","schema_type":"Iced"},"name":"Guillermo Mora","type":"long","format":"%d","description":"Guillermo Mora"},{"__meta":{"schema_version":-1,"schema_name":"ColumnSpecsBase","schema_type":"Iced"},"name":"Guillermo Mora (via LinkedIn)","type":"long","format":"%d","description":"Guillermo Mora (via LinkedIn)"},{"__meta":{"schema_version":-1,"schema_name":"ColumnSpecsBase","schema_type":"Iced"},"name":"Instagram","type":"long","format":"%d","description":"Instagram"},{"__meta":{"schema_version":-1,"schema_name":"ColumnSpecsBase","schema_type":"Iced"},"name":"Isa Ramos on Facebook","type":"long","format":"%d","description":"Isa Ramos on Facebook"},{"__meta":{"schema_version":-1,"schema_name":"ColumnSpecsBase","schema_type":"Iced"},"name":"Juan Miguel on Facebook","type":"long","format":"%d","description":"Juan Miguel on Facebook"},{"__meta":{"schema_version":-1,"schema_name":"ColumnSpecsBase","schema_type":"Iced"},"name":"Lidia Lili Villamil on Facebook","type":"long","format":"%d","description":"Lidia Lili Villamil on Facebook"},{"__meta":{"schema_version":-1,"schema_name":"ColumnSpecsBase","schema_type":"Iced"},"name":"LinkedIn","type":"long","format":"%d","description":"LinkedIn"},{"__meta":{"schema_version":-1,"schema_name":"ColumnSpecsBase","schema_type":"Iced"},"name":"LinkedIn Updates","type":"long","format":"%d","description":"LinkedIn Updates"},{"__meta":{"schema_version":-1,"schema_name":"ColumnSpecsBase","schema_type":"Iced"},"name":"Marsella GuzmÃ¡n on Facebook","type":"long","format":"%d","description":"Marsella GuzmÃ¡n on Facebook"},{"__meta":{"schema_version":-1,"schema_name":"ColumnSpecsBase","schema_type":"Iced"},"name":"Mercado Libre","type":"long","format":"%d","description":"Mercado Libre"},{"__meta":{"schema_version":-1,"schema_name":"ColumnSpecsBase","schema_type":"Iced"},"name":"Microsoft OneDrive","type":"long","format":"%d","description":"Microsoft OneDrive"},{"__meta":{"schema_version":-1,"schema_name":"ColumnSpecsBase","schema_type":"Iced"},"name":"Microsoft account team","type":"long","format":"%d","description":"Microsoft account team"},{"__meta":{"schema_version":-1,"schema_name":"ColumnSpecsBase","schema_type":"Iced"},"name":"Miguel Yibrail on Facebook","type":"long","format":"%d","description":"Miguel Yibrail on Facebook"},{"__meta":{"schema_version":-1,"schema_name":"ColumnSpecsBase","schema_type":"Iced"},"name":"PayPal","type":"long","format":"%d","description":"PayPal"},{"__meta":{"schema_version":-1,"schema_name":"ColumnSpecsBase","schema_type":"Iced"},"name":"Pioneer DJ","type":"long","format":"%d","description":"Pioneer DJ"},{"__meta":{"schema_version":-1,"schema_name":"ColumnSpecsBase","schema_type":"Iced"},"name":"Twitter","type":"long","format":"%d","description":"Twitter"},{"__meta":{"schema_version":-1,"schema_name":"ColumnSpecsBase","schema_type":"Iced"},"name":"donotreply=upwork.com@mg.upwork.com","type":"long","format":"%d","description":"donotreply=upwork.com@mg.upwork.com"},{"__meta":{"schema_version":-1,"schema_name":"ColumnSpecsBase","schema_type":"Iced"},"name":"gandhi.com.mx","type":"long","format":"%d","description":"gandhi.com.mx"},{"__meta":{"schema_version":-1,"schema_name":"ColumnSpecsBase","schema_type":"Iced"},"name":"handler-120-206900336@sndr3-601.adport02.com","type":"long","format":"%d","description":"handler-120-206900336@sndr3-601.adport02.com"},{"__meta":{"schema_version":-1,"schema_name":"ColumnSpecsBase","schema_type":"Iced"},"name":"handler-120-209358443@sndr3-601.adport02.com","type":"long","format":"%d","description":"handler-120-209358443@sndr3-601.adport02.com"},{"__meta":{"schema_version":-1,"schema_name":"ColumnSpecsBase","schema_type":"Iced"},"name":"support apple","type":"long","format":"%d","description":"support apple"},{"__meta":{"schema_version":-1,"schema_name":"ColumnSpecsBase","schema_type":"Iced"},"name":"Error","type":"double","format":"%.4f","description":"Error"},{"__meta":{"schema_version":-1,"schema_name":"ColumnSpecsBase","schema_type":"Iced"},"name":"Rate","type":"string","format":"= %7s","description":"Rate"}],"rowcount":30,"data":[[0,0,0,0,0,0,0,0,0,0,0,0,0,0,0,0,0,0,0,0,0,0,0,0,0,0,0,0,0,0],[0,1,0,0,0,0,0,0,0,0,0,0,0,0,0,0,0,0,0,0,0,0,0,0,0,0,0,0,0,1],[0,0,0,0,0,0,0,0,0,0,0,0,0,0,0,0,0,0,0,0,0,0,0,0,0,0,0,0,0,0],[0,0,0,47,0,0,0,0,0,0,0,0,0,0,0,0,0,0,0,0,0,0,0,0,0,0,0,0,0,47],[0,0,0,0,0,0,0,0,0,0,0,0,0,0,0,0,0,0,0,0,0,0,0,0,0,0,0,0,0,0],[0,0,0,0,0,71,0,0,0,0,0,0,0,0,0,0,0,0,0,0,0,0,0,0,0,0,0,0,0,71],[0,0,0,0,0,0,2,0,0,0,0,0,0,0,0,0,0,0,0,0,0,0,0,0,0,0,0,0,0,2],[0,0,0,0,0,0,0,3,0,0,0,0,0,0,0,0,0,0,0,0,0,0,0,0,0,0,0,0,0,3],[0,0,0,0,0,0,0,0,1,0,0,0,0,0,0,0,0,0,0,0,0,0,0,0,0,0,0,0,0,1],[0,0,0,0,0,0,0,0,0,1,0,0,0,0,0,0,0,0,0,0,0,0,0,0,0,0,0,0,0,1],[0,0,0,0,0,0,0,0,0,0,10,0,0,0,0,0,0,0,0,0,0,0,0,0,0,0,0,0,0,10],[0,0,0,0,0,0,0,0,0,0,0,4,0,0,0,0,0,0,0,0,0,0,0,0,0,0,0,0,0,4],[0,0,0,0,0,0,0,0,0,0,0,0,2,0,0,0,0,0,0,0,0,0,0,0,0,0,0,0,0,2],[0,0,0,0,0,0,0,0,0,0,0,0,0,0,0,0,0,0,0,0,0,0,0,0,0,0,0,0,0,0],[0,0,0,0,0,0,0,0,0,0,0,0,0,0,35,0,0,0,0,0,0,0,0,0,0,0,0,0,0,35],[0,0,0,0,0,0,0,0,0,0,0,0,0,0,0,10,0,0,0,0,0,0,0,0,0,0,0,0,0,10],[0,0,0,0,0,0,0,0,0,0,0,0,0,0,0,0,1,0,0,0,0,0,0,0,0,0,0,0,0,1],[0,0,0,0,0,0,0,0,0,0,0,0,0,0,0,0,0,13,0,0,0,0,0,0,0,0,0,0,0,13],[0,0,0,0,0,0,0,0,0,0,0,0,0,0,0,0,0,0,0,0,0,0,0,0,0,0,0,0,0,0],[0,0,0,0,0,0,0,0,0,0,0,0,0,0,0,0,0,0,0,1,0,0,0,0,0,0,0,0,0,1],[0,0,0,0,0,0,0,0,0,0,0,0,0,0,0,0,0,0,0,0,4,0,0,0,0,0,0,0,0,4],[0,0,0,0,0,0,0,0,0,0,0,0,0,0,0,0,0,0,0,0,0,1,0,0,0,0,0,0,0,1],[0,0,0,0,0,0,0,0,0,0,0,0,0,0,0,0,0,0,0,0,0,0,1,0,0,0,0,0,0,1],[0,0,0,0,0,0,0,0,0,0,0,0,0,0,0,0,0,0,0,0,0,0,0,20,0,0,0,0,0,20],[0,0,0,0,0,0,0,0,0,0,0,0,0,0,0,0,0,0,0,0,0,0,0,0,0,0,0,0,0,0],[0,0,0,0,0,0,0,0,0,0,0,0,0,0,0,0,0,0,0,0,0,0,0,0,0,1,0,0,0,1],[0,0,0,0,0,0,0,0,0,0,0,0,0,0,0,0,0,0,0,0,0,0,0,0,0,0,0,0,0,0],[0,0,0,0,0,0,0,0,0,0,0,0,0,0,0,0,0,0,0,0,0,0,0,0,0,0,1,1,0,2],[0,0,0,0,0,0,0,0,0,0,0,0,0,0,0,0,0,0,0,0,0,0,0,0,0,0,0,0,1,1],["NaN",0.0,"NaN",0.0,"NaN",0.0,0.0,0.0,0.0,0.0,0.0,0.0,0.0,"NaN",0.0,0.0,0.0,0.0,"NaN",0.0,0.0,0.0,0.0,0.0,"NaN",0.0,1.0,0.0,0.0,0.004310344827586207],["0 / 0","0 / 1","0 / 0","0 / 47","0 / 0","0 / 71","0 / 2","0 / 3","0 / 1","0 / 1","0 / 10","0 / 4","0 / 2","0 / 0","0 / 35","0 / 10","0 / 1","0 / 13","0 / 0","0 / 1","0 / 4","0 / 1","0 / 1","0 / 20","0 / 0","0 / 1","1 / 1","0 / 1","0 / 1","1 / 232"]]}},"logloss":0.012884125375959293,"mean_per_class_error":0.034482758620689655},"validation_metrics":{"__meta":{"schema_version":3,"schema_name":"ModelMetricsMultinomialV3","schema_type":"ModelMetricsMultinomial"},"model":{"__meta":{"schema_version":3,"schema_name":"ModelKeyV3","schema_type":"Key<Model>"},"name":"gbm","type":"Key<Model>","URL":"/3/Models/gbm"},"model_checksum":4806343159223494920,"frame":{"__meta":{"schema_version":3,"schema_name":"FrameKeyV3","schema_type":"Key<Frame>"},"name":"RTMP_sid_9a68_491","type":"Key<Frame>","URL":"/3/Frames/RTMP_sid_9a68_491"},"frame_checksum":-7211086034841678346,"description":null,"model_category":"Multinomial","scoring_time":1552262392554,"predictions":null,"MSE":0.12870143699665076,"RMSE":0.35874982508239744,"nobs":57,"custom_metric_name":null,"custom_metric_value":0.0,"r2":0.9974824438643051,"hit_ratio_table":{"__meta":{"schema_version":3,"schema_name":"TwoDimTableV3","schema_type":"TwoDimTable"},"name":"Top-10 Hit Ratios","description":"","columns":[{"__meta":{"schema_version":-1,"schema_name":"ColumnSpecsBase","schema_type":"Iced"},"name":"k","type":"string","format":"%s","description":"K"},{"__meta":{"schema_version":-1,"schema_name":"ColumnSpecsBase","schema_type":"Iced"},"name":"hit_ratio","type":"float","format":"%f","description":"Hit Ratio"}],"rowcount":10,"data":[["1","2","3","4","5","6","7","8","9","10"],[0.8596491,0.877193,0.8947368,0.9122807,0.9122807,0.92982453,0.92982453,0.9473684,0.9473684,0.9473684]]},"cm":{"__meta":{"schema_version":3,"schema_name":"ConfusionMatrixV3","schema_type":"ConfusionMatrix"},"table":{"__meta":{"schema_version":3,"schema_name":"TwoDimTableV3","schema_type":"TwoDimTable"},"name":"Confusion Matrix","description":"Row labels: Actual class; Column labels: Predicted class","columns":[{"__meta":{"schema_version":-1,"schema_name":"ColumnSpecsBase","schema_type":"Iced"},"name":"Alberto MartÃ­nez Barbosa","type":"long","format":"%d","description":"Alberto MartÃ­nez Barbosa"},{"__meta":{"schema_version":-1,"schema_name":"ColumnSpecsBase","schema_type":"Iced"},"name":"Alberto MartÃ­nez Barbosa (via LinkedIn)","type":"long","format":"%d","description":"Alberto MartÃ­nez Barbosa (via LinkedIn)"},{"__meta":{"schema_version":-1,"schema_name":"ColumnSpecsBase","schema_type":"Iced"},"name":"Alfonso Hernandez on Facebook","type":"long","format":"%d","description":"Alfonso Hernandez on Facebook"},{"__meta":{"schema_version":-1,"schema_name":"ColumnSpecsBase","schema_type":"Iced"},"name":"CafebrerÃ­a El PÃ©ndulo","type":"long","format":"%d","description":"CafebrerÃ­a El PÃ©ndulo"},{"__meta":{"schema_version":-1,"schema_name":"ColumnSpecsBase","schema_type":"Iced"},"name":"De","type":"long","format":"%d","description":"De"},{"__meta":{"schema_version":-1,"schema_name":"ColumnSpecsBase","schema_type":"Iced"},"name":"Facebook","type":"long","format":"%d","description":"Facebook"},{"__meta":{"schema_version":-1,"schema_name":"ColumnSpecsBase","schema_type":"Iced"},"name":"Fixya Team","type":"long","format":"%d","description":"Fixya Team"},{"__meta":{"schema_version":-1,"schema_name":"ColumnSpecsBase","schema_type":"Iced"},"name":"Fixya.com","type":"long","format":"%d","description":"Fixya.com"},{"__meta":{"schema_version":-1,"schema_name":"ColumnSpecsBase","schema_type":"Iced"},"name":"Guillermo Mora","type":"long","format":"%d","description":"Guillermo Mora"},{"__meta":{"schema_version":-1,"schema_name":"ColumnSpecsBase","schema_type":"Iced"},"name":"Guillermo Mora (via LinkedIn)","type":"long","format":"%d","description":"Guillermo Mora (via LinkedIn)"},{"__meta":{"schema_version":-1,"schema_name":"ColumnSpecsBase","schema_type":"Iced"},"name":"Instagram","type":"long","format":"%d","description":"Instagram"},{"__meta":{"schema_version":-1,"schema_name":"ColumnSpecsBase","schema_type":"Iced"},"name":"Isa Ramos on Facebook","type":"long","format":"%d","description":"Isa Ramos on Facebook"},{"__meta":{"schema_version":-1,"schema_name":"ColumnSpecsBase","schema_type":"Iced"},"name":"Juan Miguel on Facebook","type":"long","format":"%d","description":"Juan Miguel on Facebook"},{"__meta":{"schema_version":-1,"schema_name":"ColumnSpecsBase","schema_type":"Iced"},"name":"Lidia Lili Villamil on Facebook","type":"long","format":"%d","description":"Lidia Lili Villamil on Facebook"},{"__meta":{"schema_version":-1,"schema_name":"ColumnSpecsBase","schema_type":"Iced"},"name":"LinkedIn","type":"long","format":"%d","description":"LinkedIn"},{"__meta":{"schema_version":-1,"schema_name":"ColumnSpecsBase","schema_type":"Iced"},"name":"LinkedIn Updates","type":"long","format":"%d","description":"LinkedIn Updates"},{"__meta":{"schema_version":-1,"schema_name":"ColumnSpecsBase","schema_type":"Iced"},"name":"Marsella GuzmÃ¡n on Facebook","type":"long","format":"%d","description":"Marsella GuzmÃ¡n on Facebook"},{"__meta":{"schema_version":-1,"schema_name":"ColumnSpecsBase","schema_type":"Iced"},"name":"Mercado Libre","type":"long","format":"%d","description":"Mercado Libre"},{"__meta":{"schema_version":-1,"schema_name":"ColumnSpecsBase","schema_type":"Iced"},"name":"Microsoft OneDrive","type":"long","format":"%d","description":"Microsoft OneDrive"},{"__meta":{"schema_version":-1,"schema_name":"ColumnSpecsBase","schema_type":"Iced"},"name":"Microsoft account team","type":"long","format":"%d","description":"Microsoft account team"},{"__meta":{"schema_version":-1,"schema_name":"ColumnSpecsBase","schema_type":"Iced"},"name":"Miguel Yibrail on Facebook","type":"long","format":"%d","description":"Miguel Yibrail on Facebook"},{"__meta":{"schema_version":-1,"schema_name":"ColumnSpecsBase","schema_type":"Iced"},"name":"PayPal","type":"long","format":"%d","description":"PayPal"},{"__meta":{"schema_version":-1,"schema_name":"ColumnSpecsBase","schema_type":"Iced"},"name":"Pioneer DJ","type":"long","format":"%d","description":"Pioneer DJ"},{"__meta":{"schema_version":-1,"schema_name":"ColumnSpecsBase","schema_type":"Iced"},"name":"Twitter","type":"long","format":"%d","description":"Twitter"},{"__meta":{"schema_version":-1,"schema_name":"ColumnSpecsBase","schema_type":"Iced"},"name":"donotreply=upwork.com@mg.upwork.com","type":"long","format":"%d","description":"donotreply=upwork.com@mg.upwork.com"},{"__meta":{"schema_version":-1,"schema_name":"ColumnSpecsBase","schema_type":"Iced"},"name":"gandhi.com.mx","type":"long","format":"%d","description":"gandhi.com.mx"},{"__meta":{"schema_version":-1,"schema_name":"ColumnSpecsBase","schema_type":"Iced"},"name":"handler-120-206900336@sndr3-601.adport02.com","type":"long","format":"%d","description":"handler-120-206900336@sndr3-601.adport02.com"},{"__meta":{"schema_version":-1,"schema_name":"ColumnSpecsBase","schema_type":"Iced"},"name":"handler-120-209358443@sndr3-601.adport02.com","type":"long","format":"%d","description":"handler-120-209358443@sndr3-601.adport02.com"},{"__meta":{"schema_version":-1,"schema_name":"ColumnSpecsBase","schema_type":"Iced"},"name":"support apple","type":"long","format":"%d","description":"support apple"},{"__meta":{"schema_version":-1,"schema_name":"ColumnSpecsBase","schema_type":"Iced"},"name":"Error","type":"double","format":"%.4f","description":"Error"},{"__meta":{"schema_version":-1,"schema_name":"ColumnSpecsBase","schema_type":"Iced"},"name":"Rate","type":"string","format":"= %6s","description":"Rate"}],"rowcount":30,"data":[[0,0,0,0,0,0,0,0,0,0,0,0,0,0,0,0,0,0,0,0,0,0,1,0,0,0,0,0,0,1],[0,0,0,0,0,0,0,0,0,0,0,0,0,0,0,0,0,0,0,0,0,0,0,0,0,0,0,0,0,0],[0,0,0,0,0,0,0,0,0,0,0,0,0,0,0,0,0,0,0,0,0,0,0,0,0,0,0,0,0,0],[0,0,0,11,0,0,0,0,0,0,0,0,0,0,0,0,0,0,0,0,0,0,0,0,0,0,0,0,0,11],[0,0,0,0,0,0,0,0,0,0,0,0,0,0,0,0,0,0,0,0,0,0,1,0,0,0,0,0,0,1],[0,0,1,0,0,18,0,0,0,0,0,0,0,1,0,0,0,0,1,0,1,0,0,0,1,0,0,0,0,23],[0,0,0,0,0,0,1,0,0,0,0,0,0,0,0,0,0,0,0,0,0,0,0,0,0,0,0,0,0,1],[0,0,0,0,0,0,0,2,0,0,0,0,0,0,0,0,0,0,0,0,0,0,0,0,0,0,0,0,0,2],[0,0,0,0,0,0,0,0,0,0,0,0,0,0,0,0,0,0,0,0,0,0,0,0,0,0,0,0,0,0],[0,0,0,0,0,0,0,0,0,0,0,0,0,0,0,0,0,0,0,0,0,0,0,0,0,0,0,0,0,0],[0,0,0,0,0,0,0,0,0,0,1,0,0,0,0,0,0,0,0,0,0,0,0,0,0,0,0,0,0,1],[0,0,0,0,0,0,0,0,0,0,0,0,0,0,0,0,0,0,0,0,0,0,0,0,0,0,0,0,0,0],[0,0,0,0,0,0,0,0,0,0,0,0,0,0,0,0,0,0,0,0,0,0,0,0,0,0,0,0,0,0],[0,0,0,0,0,0,0,0,0,0,0,0,0,0,0,0,0,0,0,0,0,0,0,0,0,0,0,0,0,0],[1,0,0,0,0,0,0,0,0,0,0,0,0,0,5,0,0,0,0,0,0,0,0,0,0,0,0,0,0,6],[0,0,0,0,0,0,0,0,0,0,0,0,0,0,0,1,0,0,0,0,0,0,0,0,0,0,0,0,0,1],[0,0,0,0,0,0,0,0,0,0,0,0,0,0,0,0,0,0,0,0,0,0,0,0,0,0,0,0,0,0],[0,0,0,0,0,0,0,0,0,0,0,0,0,0,0,0,0,6,0,0,0,0,0,0,0,0,0,0,0,6],[0,0,0,0,0,0,0,0,0,0,0,0,0,0,0,0,0,0,0,0,0,0,0,0,0,0,0,0,0,0],[0,0,0,0,0,0,0,0,0,0,0,0,0,0,0,0,0,0,0,0,0,0,0,0,0,0,0,0,0,0],[0,0,0,0,0,0,0,0,0,0,0,0,0,0,0,0,0,0,0,0,0,0,0,0,0,0,0,0,0,0],[0,0,0,0,0,0,0,0,0,0,0,0,0,0,0,0,0,0,0,0,0,0,0,0,0,0,0,0,0,0],[0,0,0,0,0,0,0,0,0,0,0,0,0,0,0,0,0,0,0,0,0,0,0,0,0,0,0,0,0,0],[0,0,0,0,0,0,0,0,0,0,0,0,0,0,0,0,0,0,0,0,0,0,0,4,0,0,0,0,0,4],[0,0,0,0,0,0,0,0,0,0,0,0,0,0,0,0,0,0,0,0,0,0,0,0,0,0,0,0,0,0],[0,0,0,0,0,0,0,0,0,0,0,0,0,0,0,0,0,0,0,0,0,0,0,0,0,0,0,0,0,0],[0,0,0,0,0,0,0,0,0,0,0,0,0,0,0,0,0,0,0,0,0,0,0,0,0,0,0,0,0,0],[0,0,0,0,0,0,0,0,0,0,0,0,0,0,0,0,0,0,0,0,0,0,0,0,0,0,0,0,0,0],[0,0,0,0,0,0,0,0,0,0,0,0,0,0,0,0,0,0,0,0,0,0,0,0,0,0,0,0,0,0],[1.0,"NaN",1.0,0.0,"NaN",0.0,0.0,0.0,"NaN","NaN",0.0,"NaN","NaN",1.0,0.0,0.0,"NaN",0.0,1.0,"NaN",1.0,"NaN",1.0,0.0,1.0,"NaN","NaN","NaN","NaN",0.14035087719298245],["1 / 1","0 / 0","1 / 1","0 / 11","0 / 0","0 / 18","0 / 1","0 / 2","0 / 0","0 / 0","0 / 1","0 / 0","0 / 0","1 / 1","0 / 5","0 / 1","0 / 0","0 / 6","1 / 1","0 / 0","1 / 1","0 / 0","2 / 2","0 / 4","1 / 1","0 / 0","0 / 0","0 / 0","0 / 0","8 / 57"]]}},"logloss":0.726836444614189,"mean_per_class_error":0.2413793103448276},"cross_validation_metrics":null,"cross_validation_metrics_summary":null,"status":null,"start_time":1552262386043,"end_time":1552262392574,"run_time":6531,"help":{"validation_metrics":"Validation data model metrics", "cross_validation_metrics_summary":"Cross-validation model metrics summary", "run_time":"Runtime in milliseconds", "status":"Job status", "domains":"Domains for categorical columns", "model_category":"Category of the model (e.g., Binomial)", "__meta":"Metadata on this schema instance, to make it self-describing.", "variable_importances":"Variable Importances", "model_summary":"Model summary", "scoring_history":"Scoring history", "help":"Help information for output fields", "end_time":"End time in milliseconds", "names":"Column names", "cross_validation_fold_assignment_frame_id":"Cross-validation fold assignment (each row is assigned to one holdout fold)", "start_time":"Start time in milliseconds", "training_metrics":"Training data model metrics", "cross_validation_models":"Cross-validation models (model ids)", "cross_validation_metrics":"Cross-validation model metrics", "cross_validation_predictions":"Cross-validation predictions, one per cv model (deprecated, use cross_validation_holdout_predictions_frame_id instead)", "init_f":"The Intercept term, the initial model function value to which trees make adjustments", "cross_validation_holdout_predictions_frame_id":"Cross-validation holdout predictions (full out-of-sample predictions on training data)"},"variable_importances":{"__meta":{"schema_version":3,"schema_name":"TwoDimTableV3","schema_type":"TwoDimTable"},"name":"Variable Importances","description":"","columns":[{"__meta":{"schema_version":-1,"schema_name":"ColumnSpecsBase","schema_type":"Iced"},"name":"variable","type":"string","format":"%s","description":"Variable"},{"__meta":{"schema_version":-1,"schema_name":"ColumnSpecsBase","schema_type":"Iced"},"name":"relative_importance","type":"double","format":"%5f","description":"Relative Importance"},{"__meta":{"schema_version":-1,"schema_name":"ColumnSpecsBase","schema_type":"Iced"},"name":"scaled_importance","type":"double","format":"%5f","description":"Scaled Importance"},{"__meta":{"schema_version":-1,"schema_name":"ColumnSpecsBase","schema_type":"Iced"},"name":"percentage","type":"double","format":"%5f","description":"Percentage"}],"rowcount":100,"data":[["C62","C12","C92","C14","C99","C76","C40","C86","C87","C9","C75","C18","C42","C5","C25","C51","C84","C69","C98","C54","C80","C44","C27","C11","C24","C32","C6","C60","C15","C43","C2","C3","C52","C61","C47","C63","C1","C33","C56","C34","C10","C23","C29","C8","C17","C57","C100","C71","C48","C19","C38","C88","C82","C58","C31","C39","C22","C89","C72","C4","C67","C91","C97","C46","C85","C93","C64","C37","C78","C28","C26","C16","C81","C77","C70","C41","C30","C74","C53","C65","C49","C35","C79","C68","C96","C7","C66","C73","C36","C45","C21","C50","C94","C90","C20","C95","C13","C83","C55","C59"],[80.413818359375,57.59403991699219,40.295814514160156,36.954322814941406,28.124881744384766,22.869409561157227,18.300167083740234,18.250038146972656,17.281158447265625,16.508726119995117,14.05001163482666,12.319409370422363,11.232745170593262,10.185705184936523,9.952289581298828,8.03271484375,6.948335647583008,6.685642719268799,6.031558513641357,5.523261070251465,5.52010440826416,5.084393501281738,3.8398783206939697,3.811953067779541,3.793166399002075,3.390288829803467,3.1589105129241943,3.129521131515503,3.019779920578003,2.7079319953918457,1.9734516143798828,1.876733422279358,1.8458517789840698,1.7722398042678833,1.5847216844558716,1.5535215139389038,1.3518650531768799,1.2981573343276978,1.0684690475463867,1.0462888479232788,0.9967955350875854,0.9660791158676147,0.9602479338645935,0.9419260621070862,0.7820897698402405,0.7702874541282654,0.7577760815620422,0.6810538172721863,0.6786426901817322,0.6572360396385193,0.6089144945144653,0.5484945178031921,0.5119626522064209,0.48376139998435974,0.46140432357788086,0.4593018889427185,0.39538857340812683,0.3952924907207489,0.3733842968940735,0.3656332194805145,0.32406410574913025,0.29776710271835327,0.27495911717414856,0.18311743438243866,0.16842514276504517,0.16083469986915588,0.1595386415719986,0.15689510107040405,0.144069105386734,0.12607026100158691,0.1160951480269432,0.10946571826934814,0.10079506784677505,0.09593906253576279,0.0838933140039444,0.07446598261594772,0.0700262263417244,0.04562900960445404,0.03976374492049217,0.029880985617637634,0.021273331716656685,0.017488373443484306,0.01444497611373663,0.011481775902211666,0.004619172308593988,0.004457985050976276,0.004324743524193764,0.0037267759907990694,0.0036861407570540905,0.0030079935677349567,0.002439567819237709,0.002173490123823285,0.002042831387370825,0.001960988389328122,0.0016092731384560466,0.0014491366455331445,0.0011199297150596976,8.177921990863979E-4,7.08858366124332E-4,6.472580716945231E-4],[1.0,0.7162206831119544,0.5011055977229601,0.45955189753320685,0.34975185009487664,0.28439651328273247,0.22757490512333967,0.22695151802656546,0.21490284629981024,0.20529712998102467,0.1747213591081594,0.15320015417457306,0.1396867528462998,0.12666610531309297,0.12376342504743833,0.09989222011385199,0.08640723434535104,0.08314047082542694,0.07500649312144213,0.0686854720113852,0.06864621679316887,0.06322785815939279,0.04775147355313093,0.04740420422201139,0.04717057934060721,0.04216052537950664,0.039283180147058824,0.038917703391840607,0.037552997509487665,0.0336749584914611,0.02454120018975332,0.023338444319259962,0.022954410282258066,0.022038995789848196,0.019707081653225808,0.01931908651565465,0.016811352585388996,0.01614346092267552,0.013287132352941176,0.013011306629506642,0.012395823944497154,0.012013844580170779,0.011941329903937382,0.011713485086574953,0.009725813122628083,0.00957904337642315,0.009423456030597722,0.008469362992172675,0.008439379002609108,0.008173172883064517,0.0075722619188804555,0.006820898808111955,0.006366600450664136,0.006015898882234345,0.005737873576850095,0.005711728385910816,0.004916923253676471,0.004915728400735294,0.004643285252609109,0.004546895383657495,0.004029955452443074,0.003702934505455408,0.00341930184120019,0.002277188648897059,0.002094480105550285,0.002000087835033207,0.001983970477051708,0.0019510962701612903,0.0017915963739326376,0.001567768619544592,0.001443721370226518,0.0013612799454459203,0.0012534545666805029,0.0011930668695149431,0.001043269872212998,9.260346559238615E-4,8.708232959262334E-4,5.674274712405123E-4,4.944889539106974E-4,3.715901847129981E-4,2.6454821012956596E-4,2.1747970436284393E-4,1.796330084610709E-4,1.4278361774712405E-4,5.7442519244025736E-5,5.543804711589777E-5,5.3781098975628555E-5,4.634496989241135E-5,4.583964338791212E-5,3.740642627231084E-5,3.033766918435721E-5,2.702881380548061E-5,2.5403984402795895E-5,2.438621159070357E-5,2.0012395522173713E-5,1.802099036084633E-5,1.3927080418624732E-5,1.0169796880327547E-5,8.815131286968543E-6,8.049090130279368E-6],[0.1621108653613113,0.11610715472894846,0.08123466208426622,0.07449835578754083,0.05669857508060008,0.046103764874003424,0.03689236480406291,0.036791306982349774,0.034838086382271115,0.03328089539741752,0.02832423072212815,0.024835409566726346,0.022644740383425278,0.020533951944252494,0.020063395934520018,0.016193614245519135,0.014007551533202477,0.013477973672056819,0.012159367507634227,0.011134661305515782,0.011128297608120787,0.010249922801161413,0.007741032699975826,0.007684736568194593,0.007646863436500229,0.00683467925335935,0.00636823032778399,0.006308982574726121,0.006087748923174214,0.005459076662056997,0.003978395199766088,0.0037834154047820126,0.003721159314715437,0.003572760679186588,0.003194732060550457,0.003131833833042816,0.002725302915511528,0.002617030420101442,0.0021539885239055707,0.0021092741771906883,0.002009497746508897,0.0019475747412077845,0.0019358193242921934,0.00189888320378148,0.0015766599816516358,0.0015528670110854942,0.0015276446118144646,0.0013729757637201772,0.0013681150332250428,0.0013249601288211925,0.0012275459324122143,0.001105741808324966,0.0010320951084668779,9.752425737251551E-4,9.301716508769715E-4,9.259332313487683E-4,7.97086683568647E-4,7.968929849243734E-4,7.527269904198775E-4,7.371011453520682E-4,6.532995657630815E-4,6.002859170556355E-4,5.543059804084878E-4,3.691570224636575E-4,3.395379823928073E-4,3.242359697358648E-4,3.21623170886146E-4,3.162939047590736E-4,2.904372385564074E-4,2.5415232760068226E-4,2.3404292066803894E-4,2.206782699552368E-4,2.031986044956638E-4,1.934091026509781E-4,1.691253817898338E-4,1.5012027942638134E-4,1.4116991807939098E-4,9.198615839258004E-5,8.016203223007273E-5,6.0238806403593635E-5,4.2886139273889956E-5,3.525582307278278E-5,2.912046244907996E-5,2.3146775832404968E-5,9.31205650318279E-6,8.987109791899336E-6,8.718500495021478E-6,7.513023174402722E-6,7.431104257468346E-6,6.0639881330784004E-6,4.918065804521335E-6,4.381664395696219E-6,4.118261895162498E-6,3.953269863852996E-6,3.244226756052412E-6,2.9213983420646483E-6,2.2577310586198293E-6,1.6486345728186627E-6,1.4290285612040402E-6,1.3048449663907783E-6]]},"init_f":0.0},"compatible_frames":null}
